{
 "Architecture": "x86_64",
 "BridgeNfIp6tables": true,
 "BridgeNfIptables": true,
 "CPUSet": true,
 "CPUShares": true,
 "CgroupDriver": "cgroupfs",
 "ClientInfo": {
  "Debug": false,
  "Plugins": [],
  "Warnings": null
 },
 "ClusterAdvertise": "",
 "ClusterStore": "",
 "ContainerdCommit": {
  "Expected": "7ad184331fa3e55e52b890ea95e65ba581ae3429",
  "ID": "7ad184331fa3e55e52b890ea95e65ba581ae3429"
 },
 "Containers": 0,
 "ContainersPaused": 0,
 "ContainersRunning": 0,
 "ContainersStopped": 0,
 "CpuCfsPeriod": true,
 "CpuCfsQuota": true,
 "Debug": true,
 "DefaultRuntime": "runc",
 "DockerRootDir": "/var/lib/docker",
 "Driver": "overlay2",
 "DriverStatus": [
  [
   "Backing Filesystem",
   "extfs"
  ],
  [
   "Supports d_type",
   "true"
  ],
  [
   "Native Overlay Diff",
   "true"
  ]
 ],
 "ExperimentalBuild": false,
 "GenericResources": null,
 "HttpProxy": "gateway.docker.internal:3128",
 "HttpsProxy": "gateway.docker.internal:3129",
 "ID": "CU5D:6D7B:GVOA:HQZP:DZLV:5A3R:5SX7:2XQS:VRJN:UJED:ME6J:227S",
 "IPv4Forwarding": true,
 "Images": 469,
 "IndexServerAddress": "https://index.docker.io/v1/",
 "InitBinary": "docker-init",
 "InitCommit": {
  "Expected": "fec3683",
  "ID": "fec3683"
 },
 "Isolation": "",
 "KernelMemory": true,
 "KernelMemoryTCP": true,
 "KernelVersion": "4.19.76-linuxkit",
 "Labels": [],
 "LiveRestoreEnabled": false,
 "LoggingDriver": "json-file",
 "MemTotal": 2087837696,
 "MemoryLimit": true,
 "NCPU": 4,
 "NEventsListener": 3,
 "NFd": 39,
 "NGoroutines": 50,
 "Name": "docker-desktop",
 "NoProxy": "",
 "OSType": "linux",
 "OomKillDisable": true,
 "OperatingSystem": "Docker Desktop",
 "PidsLimit": true,
 "Plugins": {
  "Authorization": null,
  "Log": [
   "awslogs",
   "fluentd",
   "gcplogs",
   "gelf",
   "journald",
   "json-file",
   "local",
   "logentries",
   "splunk",
   "syslog"
  ],
  "Network": [
   "bridge",
   "host",
   "ipvlan",
   "macvlan",
   "null",
   "overlay"
  ],
  "Volume": [
   "local"
  ]
 },
 "ProductLicense": "Community Engine",
 "RegistryConfig": {
  "AllowNondistributableArtifactsCIDRs": [],
  "AllowNondistributableArtifactsHostnames": [],
  "IndexConfigs": {
   "docker.io": {
    "Mirrors": [],
    "Name": "docker.io",
    "Official": true,
    "Secure": true
   }
  },
  "InsecureRegistryCIDRs": [
   "127.0.0.0/8"
  ],
  "Mirrors": []
 },
 "RuncCommit": {
  "Expected": "dc9208a3303feef5b3839f4323d9beb36df0a9dd",
  "ID": "dc9208a3303feef5b3839f4323d9beb36df0a9dd"
 },
 "Runtimes": {
  "runc": {
   "path": "runc"
  }
 },
 "SecurityOptions": [
  "name=seccomp,profile=default"
 ],
 "ServerVersion": "19.03.12",
 "SwapLimit": true,
 "Swarm": {
  "ControlAvailable": false,
  "Error": "",
  "LocalNodeState": "inactive",
  "NodeAddr": "",
  "NodeID": "",
  "RemoteManagers": null
 },
 "SystemStatus": null,
 "SystemTime": "2021-02-10T01:51:37.2349419Z",
 "Warnings": null
}
